topic_id,combined_top_words,accumulated_probability,doc_count,probability_per_doc,source,year
0,anxiety help ,69.28558505885303,1200,0.05773798754904419,Data,CSV
1,anxiety help ,68.91892063245177,1200,0.057432433860376476,Data,CSV
2,anxiety help ,67.36892225779593,1200,0.05614076854816327,Data,CSV
3,help anxiety ,103.702189325355,1200,0.0864184911044625,Data,CSV
4,help anxiety ,66.11892509646714,1200,0.05509910424705595,Data,CSV
5,anxiety help ,70.78558341879398,1200,0.05898798618232831,Data,CSV
6,anxiety help ,61.952227553352714,1200,0.051626856294460594,Data,CSV
7,anxiety help ,86.11888131313026,1200,0.07176573442760854,Data,CSV
8,anxiety help ,90.03231946192682,1200,0.07502693288493902,Data,CSV
9,anxiety help ,66.03559189662337,1200,0.05502965991385281,Data,CSV
10,anxiety help ,93.952188257128,1200,0.07829349021427333,Data,CSV
11,anxiety help ,85.53876628726721,1200,0.07128230523938935,Data,CSV
12,anxiety help ,86.45221635699272,1200,0.07204351363082727,Data,CSV
13,anxiety help ,93.95218791626394,1200,0.07829348993021995,Data,CSV
14,anxiety help ,89.78553258627653,1200,0.07482127715523045,Data,CSV
