topic_id,combined_top_words,accumulated_probability,doc_count,probability_per_doc,source,year
0,anxiety help ,97.01661666482687,1200,0.08084718055402239,Data,CSV
1,anxiety help ,101.18263428285718,1200,0.08431886190238098,Data,CSV
2,help anxiety ,105.42833567410707,1200,0.08785694639508923,Data,CSV
3,help anxiety ,108.76074352674186,1200,0.09063395293895155,Data,CSV
4,help anxiety ,114.34281687997282,1200,0.09528568073331067,Data,CSV
5,anxiety help ,165.9216341841966,1200,0.13826802848683048,Data,CSV
6,anxiety help ,154.25739361532032,1200,0.12854782801276693,Data,CSV
7,anxiety help ,95.60022132657468,1200,0.0796668511054789,Data,CSV
8,anxiety help ,158.75635195709765,1200,0.13229695996424803,Data,CSV
9,anxiety help ,98.73326590843499,1200,0.0822777215903625,Data,CSV
