topic_id,combined_top_words,accumulated_probability,doc_count,probability_per_doc,source,year
0,anxiety help ,196.39986566454172,1200,0.16366655472045144,Data,CSV
1,anxiety help ,202.79939008504152,1200,0.1689994917375346,Data,CSV
2,help anxiety ,232.69672041758895,1200,0.19391393368132412,Data,CSV
3,anxiety help ,284.23683213442564,1200,0.23686402677868804,Data,CSV
4,anxiety help ,283.8672061674297,1200,0.23655600513952474,Data,CSV
